split,image_id,file_name,width,height,objects_in_image
train,1,1.png,1095,632,2
train,2,12.png,1036,775,7
train,3,13.png,1287,842,2
train,4,14.png,1215,815,1
train,5,15.png,1362,823,2
train,6,16.png,1416,818,3
train,7,17.png,1142,823,4
train,8,18.png,1002,815,1
train,9,2.png,1425,870,5
train,10,21.png,1111,816,5
train,11,22.png,1167,842,3
train,12,23.png,1187,787,5
train,13,24.png,1097,826,5
train,14,25.png,1356,752,5
train,15,26.png,1450,832,3
train,16,27.png,1307,805,10
train,17,28.png,1325,835,3
train,18,29.png,1390,800,2
train,19,31.png,1406,818,4
train,20,32.png,1382,836,1
train,21,33.png,1397,806,1
train,22,34.png,1190,818,1
train,23,4.png,1385,885,2
train,24,5.png,1392,965,4
train,25,6.png,1332,865,1
train,26,7.png,1207,800,4
train,27,8.png,943,767,4
train,28,9.png,982,710,4
train,29,frame_0001_3.128.jpg,1600,1200,1
train,30,frame_0002_3.480.jpg,1600,1200,1
train,31,frame_0004_4.405.jpg,1600,1200,1
train,32,frame_0005_4.479.jpg,1600,1200,1
train,33,frame_0006_5.290.jpg,1600,1200,1
train,34,frame_0007_5.646.jpg,1600,1200,3
train,35,frame_0009_5.748.jpg,1600,1200,2
train,36,frame_0010_6.167.jpg,1600,1200,1
train,37,frame_0011_6.180.jpg,1600,1200,1
train,38,frame_0012_6.205.jpg,1600,1200,1
train,39,frame_0013_7.009.jpg,1600,1200,3
train,40,frame_0014_7.520.jpg,1600,1200,2
train,41,frame_0016_7.966.jpg,1600,1200,1
train,42,frame_0017_8.264.jpg,1600,1200,1
train,43,frame_0018_8.437.jpg,1600,1200,1
train,44,frame_0021_8.915.jpg,1600,1200,1
train,45,frame_0024_10.129.jpg,1600,1200,1
train,46,frame_0026_10.329.jpg,1600,1200,1
train,47,frame_0029_11.227.jpg,1600,1200,1
train,48,frame_0030_11.266.jpg,1600,1200,1
train,49,frame_0031_11.300.jpg,1600,1200,1
train,50,frame_0034_11.826.jpg,1600,1200,1
train,51,frame_0036_12.101.jpg,1600,1200,1
train,52,frame_0037_12.339.jpg,1600,1200,2
train,53,frame_0039_12.911.jpg,1600,1200,1
train,54,frame_0040_13.317.jpg,1600,1200,1
train,55,frame_0041_13.868.jpg,1600,1200,12
train,56,frame_0043_14.980.jpg,1600,1200,3
train,57,frame_0044_15.059.jpg,1600,1200,1
train,58,frame_0045_15.953.jpg,1600,1200,2
train,59,frame_0048_16.622.jpg,1600,1200,1
train,60,frame_0050_17.404.jpg,1600,1200,1
train,61,frame_0051_17.719.jpg,1600,1200,6
train,62,frame_0052_18.046.jpg,1600,1200,2
train,63,frame_0053_18.200.jpg,1600,1200,1
train,64,frame_0055_18.542.jpg,1600,1200,1
train,65,frame_0056_18.916.jpg,1600,1200,3
train,66,frame_0059_19.774.jpg,1600,1200,2
train,67,frame_0061_20.013.jpg,1600,1200,1
train,68,frame_0062_20.071.jpg,1600,1200,6
train,69,frame_0063_20.192.jpg,1600,1200,2
train,70,frame_0065_20.820.jpg,1600,1200,2
train,71,frame_0066_21.024.jpg,1600,1200,1
train,72,frame_0067_21.157.jpg,1600,1200,1
train,73,frame_0068_21.690.jpg,1600,1200,3
train,74,frame_0069_21.714.jpg,1600,1200,2
train,75,frame_0071_21.969.jpg,1600,1200,1
train,76,frame_0072_22.018.jpg,1600,1200,1
train,77,frame_0073_22.050.jpg,1600,1200,1
train,78,frame_0077_23.045.jpg,1600,1200,1
train,79,frame_0078_23.184.jpg,1600,1200,1
train,80,frame_0080_23.253.jpg,1600,1200,1
train,81,frame_0081_23.703.jpg,1600,1200,1
train,82,frame_0082_24.173.jpg,1600,1200,1
train,83,frame_0083_24.265.jpg,1600,1200,2
train,84,frame_0084_25.109.jpg,1600,1200,4
train,85,frame_0086_25.757.jpg,1600,1200,1
train,86,frame_0087_25.995.jpg,1600,1200,4
train,87,frame_0089_26.003.jpg,1600,1200,2
train,88,frame_0090_26.021.jpg,1600,1200,1
train,89,frame_0091_26.503.jpg,1600,1200,1
train,90,frame_0092_26.521.jpg,1600,1200,1
train,91,frame_0093_26.535.jpg,1600,1200,1
train,92,frame_0094_26.618.jpg,1600,1200,1
train,93,frame_0095_26.740.jpg,1600,1200,5
train,94,frame_0096_26.790.jpg,1600,1200,1
train,95,frame_0097_26.902.jpg,1600,1200,1
train,96,frame_0101_27.213.jpg,1600,1200,3
train,97,frame_0102_27.304.jpg,1600,1200,1
train,98,frame_0103_27.601.jpg,1600,1200,1
train,99,frame_0104_27.687.jpg,1600,1200,1
train,100,frame_0107_28.121.jpg,1600,1200,1
train,101,frame_0110_28.419.jpg,1600,1200,1
train,102,frame_0112_29.393.jpg,1600,1200,4
train,103,frame_0113_29.553.jpg,1600,1200,1
train,104,frame_0114_29.556.jpg,1600,1200,1
train,105,frame_0115_29.585.jpg,1600,1200,1
train,106,frame_0116_29.705.jpg,1600,1200,1
train,107,frame_0117_29.721.jpg,1600,1200,1
train,108,frame_0118_29.974.jpg,1600,1200,1
train,109,frame_0121_30.457.jpg,1600,1200,2
train,110,frame_0122_30.839.jpg,1600,1200,1
train,111,frame_0125_32.084.jpg,1600,1200,2
train,112,frame_0127_32.609.jpg,1600,1200,1
train,113,frame_0128_32.639.jpg,1600,1200,1
train,114,frame_0134_33.504.jpg,1600,1200,1
train,115,frame_0135_33.520.jpg,1600,1200,1
train,116,frame_0136_33.661.jpg,1600,1200,1
train,117,frame_0137_33.941.jpg,1600,1200,1
train,118,frame_0139_34.143.jpg,1600,1200,1
train,119,frame_0140_34.208.jpg,1600,1200,1
train,120,frame_0142_35.014.jpg,1600,1200,2
train,121,frame_0149_36.733.jpg,1600,1200,1
train,122,frame_0153_37.967.jpg,1600,1200,1
train,123,frame_0155_38.034.jpg,1600,1200,1
train,124,frame_0156_38.172.jpg,1600,1200,1
train,125,frame_0157_38.255.jpg,1600,1200,1
train,126,frame_0158_38.325.jpg,1600,1200,1
train,127,frame_0159_38.446.jpg,1600,1200,1
train,128,frame_0160_38.594.jpg,1600,1200,1
train,129,frame_0169_40.042.jpg,1600,1200,2
train,130,frame_0170_40.596.jpg,1600,1200,1
train,131,frame_0172_40.857.jpg,1600,1200,5
train,132,frame_0173_40.948.jpg,1600,1200,1
train,133,frame_0174_41.245.jpg,1600,1200,1
train,134,frame_0179_42.086.jpg,1600,1200,1
train,135,frame_0181_43.043.jpg,1600,1200,1
train,136,frame_0186_43.953.jpg,1600,1200,1
train,137,frame_0187_43.970.jpg,1600,1200,1
train,138,frame_0190_44.902.jpg,1600,1200,1
train,139,frame_0191_45.266.jpg,1600,1200,2
train,140,frame_0192_45.464.jpg,1600,1200,1
train,141,frame_0193_45.676.jpg,1600,1200,2
train,142,frame_0195_45.990.jpg,1600,1200,1
train,143,frame_0199_47.022.jpg,1600,1200,2
train,144,frame_0200_47.051.jpg,1600,1200,1
train,145,frame_0201_47.123.jpg,1600,1200,1
train,146,frame_0202_47.333.jpg,1600,1200,1
train,147,frame_0203_47.524.jpg,1600,1200,1
train,148,frame_0204_47.863.jpg,1600,1200,1
train,149,frame_0207_48.644.jpg,1600,1200,2
train,150,frame_0208_48.661.jpg,1600,1200,2
train,151,frame_0209_48.996.jpg,1600,1200,1
train,152,frame_0212_49.682.jpg,1600,1200,1
train,153,frame_0214_50.042.jpg,1600,1200,1
train,154,frame_0215_50.307.jpg,1600,1200,1
train,155,frame_0216_50.308.jpg,1600,1200,1
train,156,frame_0217_50.562.jpg,1600,1200,1
train,157,frame_0218_50.653.jpg,1600,1200,1
train,158,frame_0219_50.976.jpg,1600,1200,1
train,159,frame_0220_51.041.jpg,1600,1200,1
train,160,frame_0221_51.094.jpg,1600,1200,1
train,161,frame_0223_51.136.jpg,1600,1200,1
train,162,frame_0224_51.800.jpg,1600,1200,1
train,163,frame_0225_51.858.jpg,1600,1200,1
train,164,frame_0226_51.889.jpg,1600,1200,1
train,165,frame_0227_51.989.jpg,1600,1200,1
train,166,frame_0229_52.525.jpg,1600,1200,1
train,167,frame_0230_52.574.jpg,1600,1200,1
train,168,frame_0231_52.851.jpg,1600,1200,2
train,169,frame_0232_52.938.jpg,1600,1200,1
train,170,frame_0233_52.973.jpg,1600,1200,1
train,171,frame_0234_53.392.jpg,1600,1200,1
train,172,frame_0235_53.632.jpg,1600,1200,2
train,173,frame_0236_53.914.jpg,1600,1200,1
train,174,frame_0237_54.133.jpg,1600,1200,1
train,175,frame_0238_54.135.jpg,1600,1200,1
train,176,frame_0239_54.822.jpg,1600,1200,1
train,177,frame_0243_55.959.jpg,1600,1200,1
train,178,frame_0244_56.293.jpg,1600,1200,2
train,179,frame_0245_56.453.jpg,1600,1200,1
train,180,frame_0246_56.556.jpg,1600,1200,1
train,181,frame_0247_56.564.jpg,1600,1200,1
train,182,frame_0248_56.681.jpg,1600,1200,1
train,183,frame_0249_57.244.jpg,1600,1200,1
train,184,frame_0251_57.452.jpg,1600,1200,1
train,185,frame_0253_58.066.jpg,1600,1200,1
train,186,frame_0254_58.592.jpg,1600,1200,1
train,187,frame_0255_58.914.jpg,1600,1200,1
train,188,frame_0256_59.363.jpg,1600,1200,1
train,189,frame_0258_60.447.jpg,1600,1200,1
train,190,frame_0259_60.485.jpg,1600,1200,1
train,191,frame_0260_60.698.jpg,1600,1200,2
train,192,frame_0261_61.127.jpg,1600,1200,2
train,193,frame_0262_61.211.jpg,1600,1200,1
train,194,frame_0264_61.664.jpg,1600,1200,1
train,195,frame_0265_61.772.jpg,1600,1200,1
train,196,frame_0266_61.975.jpg,1600,1200,1
train,197,frame_0267_62.144.jpg,1600,1200,1
train,198,frame_0270_62.451.jpg,1600,1200,2
train,199,frame_0271_64.077.jpg,1600,1200,1
train,200,frame_0272_64.315.jpg,1600,1200,3
train,201,frame_0273_64.327.jpg,1600,1200,1
train,202,frame_0277_64.836.jpg,1600,1200,3
train,203,frame_0278_65.069.jpg,1600,1200,3
train,204,frame_0279_65.070.jpg,1600,1200,5
train,205,frame_0283_65.491.jpg,1600,1200,1
train,206,frame_0284_65.860.jpg,1600,1200,1
train,207,frame_0285_66.331.jpg,1600,1200,2
train,208,frame_0287_66.553.jpg,1600,1200,1
train,209,frame_0288_66.650.jpg,1600,1200,1
train,210,frame_0290_67.753.jpg,1600,1200,2
train,211,frame_0291_67.769.jpg,1600,1200,1
train,212,frame_0292_67.779.jpg,1600,1200,2
train,213,frame_0293_67.869.jpg,1600,1200,1
train,214,frame_0294_67.967.jpg,1600,1200,1
train,215,frame_0295_69.122.jpg,1600,1200,1
train,216,frame_0296_69.157.jpg,1600,1200,1
train,217,frame_0297_69.193.jpg,1600,1200,1
train,218,frame_0298_69.539.jpg,1600,1200,1
train,219,frame_0301_70.053.jpg,1600,1200,2
train,220,frame_0302_70.240.jpg,1600,1200,1
train,221,frame_0303_70.668.jpg,1600,1200,1
train,222,frame_0304_70.800.jpg,1600,1200,1
train,223,frame_0305_70.881.jpg,1600,1200,1
train,224,frame_0306_71.040.jpg,1600,1200,1
train,225,frame_0307_71.159.jpg,1600,1200,1
train,226,frame_0312_71.768.jpg,1600,1200,1
train,227,frame_0313_71.817.jpg,1600,1200,1
train,228,frame_0315_71.891.jpg,1600,1200,1
train,229,frame_0319_73.334.jpg,1600,1200,2
train,230,frame_0323_74.376.jpg,1600,1200,1
train,231,frame_0326_75.188.jpg,1600,1200,1
train,232,frame_0330_75.785.jpg,1600,1200,1
train,233,frame_0331_76.024.jpg,1600,1200,1
train,234,frame_0334_76.824.jpg,1600,1200,1
train,235,frame_0335_77.812.jpg,1600,1200,1
train,236,frame_0338_78.384.jpg,1600,1200,1
train,237,frame_0339_78.658.jpg,1600,1200,2
train,238,frame_0342_79.540.jpg,1600,1200,5
train,239,frame_0343_79.940.jpg,1600,1200,1
train,240,frame_0344_80.615.jpg,1600,1200,1
train,241,frame_0345_80.842.jpg,1600,1200,2
train,242,frame_0346_80.863.jpg,1600,1200,1
train,243,frame_0349_81.413.jpg,1600,1200,2
train,244,frame_0350_81.573.jpg,1600,1200,1
train,245,frame_0351_81.735.jpg,1600,1200,1
train,246,frame_0354_82.511.jpg,1600,1200,1
train,247,frame_0355_82.641.jpg,1600,1200,1
train,248,frame_0356_82.757.jpg,1600,1200,1
train,249,frame_0357_82.955.jpg,1600,1200,1
train,250,frame_0358_83.056.jpg,1600,1200,1
train,251,frame_0359_83.088.jpg,1600,1200,3
train,252,frame_0360_83.410.jpg,1600,1200,1
train,253,frame_0362_83.538.jpg,1600,1200,1
train,254,frame_0363_83.597.jpg,1600,1200,1
train,255,frame_0364_83.795.jpg,1600,1200,1
train,256,frame_0367_84.437.jpg,1600,1200,2
train,257,frame_0368_84.811.jpg,1600,1200,1
train,258,frame_0370_85.043.jpg,1600,1200,3
train,259,frame_0371_85.335.jpg,1600,1200,10
train,260,frame_0372_85.507.jpg,1600,1200,1
train,261,frame_0373_85.612.jpg,1600,1200,1
train,262,frame_0374_85.689.jpg,1600,1200,1
train,263,frame_0377_86.548.jpg,1600,1200,1
train,264,frame_0382_88.593.jpg,1600,1200,1
train,265,frame_0383_88.615.jpg,1600,1200,1
train,266,frame_0384_88.629.jpg,1600,1200,2
train,267,frame_0385_88.858.jpg,1600,1200,2
train,268,frame_0386_88.890.jpg,1600,1200,2
train,269,frame_0388_90.540.jpg,1600,1200,1
train,270,frame_0389_90.719.jpg,1600,1200,1
train,271,frame_0391_90.906.jpg,1600,1200,2
train,272,frame_0393_91.064.jpg,1600,1200,1
train,273,frame_0397_92.028.jpg,1600,1200,1
train,274,frame_0398_92.337.jpg,1600,1200,1
train,275,frame_0399_92.441.jpg,1600,1200,1
train,276,frame_0400_93.010.jpg,1600,1200,1
train,277,frame_0480_111.514.jpg,1600,1200,1
train,278,frame_0481_111.777.jpg,1600,1200,1
train,279,frame_0482_112.331.jpg,1600,1200,1
train,280,frame_0483_112.357.jpg,1600,1200,1
train,281,frame_0485_113.443.jpg,1600,1200,1
train,282,frame_0487_113.743.jpg,1600,1200,1
train,283,frame_0488_113.744.jpg,1600,1200,1
train,284,frame_0489_113.750.jpg,1600,1200,1
train,285,frame_0490_114.050.jpg,1600,1200,1
train,286,frame_0492_115.231.jpg,1600,1200,1
train,287,frame_0493_115.324.jpg,1600,1200,1
train,288,frame_0494_115.364.jpg,1600,1200,1
train,289,frame_0495_115.567.jpg,1600,1200,2
train,290,frame_0496_115.600.jpg,1600,1200,1
train,291,frame_0497_116.323.jpg,1600,1200,3
train,292,frame_0498_116.332.jpg,1600,1200,6
train,293,frame_0499_116.503.jpg,1600,1200,1
train,294,frame_0500_116.778.jpg,1600,1200,1
train,295,frame_0502_117.040.jpg,1600,1200,1
train,296,frame_0503_117.106.jpg,1600,1200,1
train,297,frame_0504_117.320.jpg,1600,1200,1
train,298,frame_0505_117.522.jpg,1600,1200,2
train,299,frame_0506_117.548.jpg,1600,1200,1
train,300,frame_0507_117.996.jpg,1600,1200,1
train,301,frame_0509_118.820.jpg,1600,1200,2
train,302,frame_0510_118.903.jpg,1600,1200,1
train,303,frame_0511_118.951.jpg,1600,1200,1
train,304,frame_0513_119.269.jpg,1600,1200,1
train,305,frame_0514_120.057.jpg,1600,1200,1
train,306,frame_0515_120.498.jpg,1600,1200,1
train,307,frame_0516_120.822.jpg,1600,1200,1
train,308,frame_0517_120.953.jpg,1600,1200,1
train,309,frame_0519_121.280.jpg,1600,1200,1
train,310,frame_0520_121.615.jpg,1600,1200,1
train,311,frame_0521_121.779.jpg,1600,1200,1
train,312,frame_0522_121.848.jpg,1600,1200,1
train,313,frame_0523_122.054.jpg,1600,1200,2
train,314,frame_0526_122.440.jpg,1600,1200,1
train,315,frame_0527_122.690.jpg,1600,1200,1
train,316,frame_0528_123.076.jpg,1600,1200,1
train,317,frame_0529_123.240.jpg,1600,1200,1
train,318,frame_0530_124.135.jpg,1600,1200,1
train,319,frame_0531_124.922.jpg,1600,1200,1
train,320,frame_0532_124.937.jpg,1600,1200,1
train,321,frame_0533_125.087.jpg,1600,1200,1
train,322,frame_0534_125.243.jpg,1600,1200,1
train,323,frame_0536_125.992.jpg,1600,1200,1
train,324,frame_0543_127.667.jpg,1600,1200,1
train,325,frame_0544_127.668.jpg,1600,1200,1
train,326,frame_0545_127.913.jpg,1600,1200,1
train,327,frame_0546_128.087.jpg,1600,1200,1
train,328,frame_0547_128.137.jpg,1600,1200,1
train,329,frame_0548_128.158.jpg,1600,1200,1
train,330,frame_0549_128.193.jpg,1600,1200,1
train,331,frame_0590_138.658.jpg,1600,1200,1
train,332,frame_0591_138.717.jpg,1600,1200,2
train,333,frame_0592_139.488.jpg,1600,1200,1
train,334,frame_0593_139.535.jpg,1600,1200,1
train,335,frame_0594_139.759.jpg,1600,1200,1
train,336,frame_0595_140.365.jpg,1600,1200,1
train,337,frame_0596_140.369.jpg,1600,1200,1
train,338,frame_0600_141.290.jpg,1600,1200,1
train,339,frame_0602_141.464.jpg,1600,1200,1
train,340,frame_0603_141.985.jpg,1600,1200,1
train,341,frame_0686_163.748.jpg,1600,1200,1
train,342,frame_0687_163.765.jpg,1600,1200,1
train,343,frame_0688_163.920.jpg,1600,1200,2
train,344,frame_0690_164.115.jpg,1600,1200,1
train,345,frame_0691_164.749.jpg,1600,1200,1
train,346,frame_0693_165.493.jpg,1600,1200,2
train,347,frame_0694_165.520.jpg,1600,1200,1
train,348,frame_0695_165.839.jpg,1600,1200,1
train,349,frame_0696_166.322.jpg,1600,1200,2
train,350,frame_0698_166.564.jpg,1600,1200,1
train,351,frame_0699_166.657.jpg,1600,1200,2
train,352,frame_0700_166.752.jpg,1600,1200,1
train,353,frame_0703_167.951.jpg,1600,1200,1
train,354,frame_0704_168.530.jpg,1600,1200,2
train,355,frame_0705_168.926.jpg,1600,1200,1
train,356,frame_0706_169.398.jpg,1600,1200,2
train,357,frame_0707_169.504.jpg,1600,1200,1
train,358,frame_0709_170.963.jpg,1600,1200,3
train,359,frame_0711_171.185.jpg,1600,1200,1
train,360,frame_0719_173.874.jpg,1600,1200,1
train,361,frame_0720_174.226.jpg,1600,1200,1
train,362,frame_0721_174.260.jpg,1600,1200,1
train,363,frame_0726_175.448.jpg,1600,1200,3
train,364,frame_0727_175.463.jpg,1600,1200,1
train,365,frame_0729_176.061.jpg,1600,1200,1
train,366,frame_0731_176.306.jpg,1600,1200,4
train,367,frame_0732_176.348.jpg,1600,1200,6
train,368,frame_0738_177.793.jpg,1600,1200,1
train,369,frame_0739_177.814.jpg,1600,1200,1
train,370,frame_0740_177.844.jpg,1600,1200,2
train,371,frame_0747_179.817.jpg,1600,1200,5
train,372,frame_0748_180.080.jpg,1600,1200,1
train,373,frame_0749_180.779.jpg,1600,1200,6
train,374,frame_0750_180.962.jpg,1600,1200,4
train,375,frame_0762_183.352.jpg,1600,1200,3
train,376,frame_0763_183.377.jpg,1600,1200,1
train,377,frame_0764_183.496.jpg,1600,1200,1
train,378,frame_0766_184.516.jpg,1600,1200,2
train,379,frame_0770_185.143.jpg,1600,1200,4
train,380,frame_0772_185.373.jpg,1600,1200,8
train,381,frame_0773_185.411.jpg,1600,1200,1
train,382,frame_0774_185.631.jpg,1600,1200,1
train,383,frame_0775_185.710.jpg,1600,1200,2
train,384,frame_0780_186.336.jpg,1600,1200,1
train,385,frame_0781_186.692.jpg,1600,1200,1
train,386,frame_0784_187.313.jpg,1600,1200,2
train,387,frame_0785_187.687.jpg,1600,1200,1
train,388,frame_0786_187.916.jpg,1600,1200,2
train,389,frame_0788_188.134.jpg,1600,1200,4
train,390,frame_0789_188.511.jpg,1600,1200,1
train,391,frame_0794_190.213.jpg,1600,1200,4
train,392,frame_0795_190.275.jpg,1600,1200,4
train,393,frame_0804_224.398.jpg,1600,1200,11
train,394,frame_0806_224.434.jpg,1600,1200,7
train,395,frame_0812_225.567.jpg,1600,1200,12
train,396,frame_0813_225.698.jpg,1600,1200,1
train,397,frame_0816_226.656.jpg,1600,1200,5
train,398,frame_0826_228.615.jpg,1600,1200,7
train,399,frame_0828_229.658.jpg,1600,1200,2
train,400,frame_0836_231.822.jpg,1600,1200,8
train,401,frame_0850_235.542.jpg,1600,1200,5
train,402,frame_0854_237.251.jpg,1600,1200,1
train,403,frame_0855_237.252.jpg,1600,1200,1
train,404,frame_0857_238.577.jpg,1600,1200,2
train,405,frame_0858_239.076.jpg,1600,1200,3
train,406,frame_0859_239.187.jpg,1600,1200,2
train,407,frame_0860_239.952.jpg,1600,1200,1
train,408,frame_0861_240.180.jpg,1600,1200,5
train,409,frame_0862_241.175.jpg,1600,1200,1
train,410,frame_0863_241.492.jpg,1600,1200,10
train,411,frame_0864_241.739.jpg,1600,1200,1
train,412,frame_0865_241.897.jpg,1600,1200,1
train,413,frame_0866_242.087.jpg,1600,1200,1
train,414,frame_0867_242.198.jpg,1600,1200,2
train,415,frame_0868_242.448.jpg,1600,1200,1
train,416,frame_0869_242.510.jpg,1600,1200,1
train,417,frame_0870_243.567.jpg,1600,1200,1
train,418,frame_0871_243.786.jpg,1600,1200,1
train,419,frame_0872_243.801.jpg,1600,1200,1
train,420,frame_0873_243.912.jpg,1600,1200,1
train,421,frame_0874_244.112.jpg,1600,1200,8
train,422,frame_0896_215.187.jpg,1600,1200,14
train,423,frame_0902_216.901.jpg,1600,1200,8
train,424,frame_0903_217.213.jpg,1600,1200,2
train,425,frame_0904_217.276.jpg,1600,1200,5
train,426,frame_0905_217.875.jpg,1600,1200,18
train,427,frame_0909_219.822.jpg,1600,1200,9
train,428,frame_0911_219.897.jpg,1600,1200,5
train,429,frame_0912_219.969.jpg,1600,1200,7
train,430,frame_0943_228.211.jpg,1600,1200,15
train,431,frame_0944_228.321.jpg,1600,1200,15
train,432,frame_0945_228.382.jpg,1600,1200,14
train,433,frame_0970_233.174.jpg,1600,1200,13
train,434,IMG_037376.jpg,5712,4284,1
train,435,IMG_037377.jpg,5712,4284,1
train,436,IMG_037378.jpg,5712,4284,1
train,437,IMG_037379.jpg,5712,4284,1
train,438,IMG_037381.jpg,5712,4284,1
train,439,IMG_037382.jpg,5712,4284,1
train,440,IMG_037383.jpg,5712,4284,1
train,441,IMG_037384.jpg,5712,4284,1
train,442,IMG_037385.jpg,5712,4284,1
train,443,IMG_037387.jpg,5712,4284,1
train,444,IMG_037390.jpg,5712,4284,1
train,445,IMG_037391.jpg,5712,4284,1
train,446,IMG_037392.jpg,5712,4284,1
train,447,IMG_037393.jpg,5712,4284,1
train,448,IMG_037395.jpg,5712,4284,1
train,449,IMG_037396.jpg,5712,4284,1
train,450,IMG_037397.jpg,5712,4284,1
train,451,IMG_037398.jpg,5712,4284,1
train,452,IMG_037399.jpg,5712,4284,1
train,453,IMG_038413.jpg,5712,4284,2
train,454,IMG_038414.jpg,5712,4284,2
train,455,IMG_038415.jpg,5712,4284,2
train,456,IMG_038417.jpg,5712,4284,3
train,457,IMG_7438.jpeg,1536,2048,2
train,458,IMG_7440.jpeg,1536,2048,1
train,459,IMG_7441.jpeg,1536,2048,2
train,460,IMG_7442.jpeg,1536,2048,1
train,461,IMG_7448.jpeg,1536,2048,1
train,462,IMG_7449.jpeg,1536,2048,1
train,463,IMG_7454.jpeg,1536,2048,1
train,464,IMG_7455.jpeg,1536,2048,2
train,465,IMG_7474.jpeg,1536,2048,2
train,466,IMG_7477.jpeg,1536,2048,3
train,467,IMG_7478.jpeg,1536,2048,2
train,468,IMG_7480.jpeg,2048,1536,1
train,469,IMG_7481.jpeg,2048,1536,1
train,470,IMG_7482.jpeg,2048,1536,1
train,471,IMG_7483.jpeg,2048,1536,1
train,472,IMG_7484.jpeg,2048,1536,1
train,473,IMG_7485.jpeg,2048,1536,1
train,474,IMG_7486.jpeg,2048,1536,1
train,475,IMG_7487.jpeg,2048,1536,1
train,476,IMG_7488.jpeg,2048,1536,1
train,477,IMG_7489.jpeg,2048,1536,1
train,478,IMG_7491.jpeg,2048,1536,1
train,479,IMG_7492.jpeg,2048,1536,1
train,480,IMG_7493.jpeg,2048,1536,1
train,481,IMG_7494.jpeg,2048,1536,1
train,482,IMG_7495.jpeg,2048,1536,1
train,483,IMG_7496.jpeg,2048,1536,1
train,484,IMG_7497.jpeg,1536,2048,3
train,485,IMG_7504.jpeg,1536,2048,4
train,486,IMG_7511.jpeg,1536,2048,8
train,487,IMG_7512.jpeg,1536,2048,2
train,488,IMG_7516.jpeg,1536,2048,3
train,489,IMG_7517.jpeg,1536,2048,5
train,490,IMG_7518.jpeg,1536,2048,6
train,491,IMG_7525.jpeg,1536,2048,2
train,492,IMG_7530.jpeg,1536,2048,4
train,493,IMG_7535.jpeg,1536,2048,5
train,494,IMG_7537.jpeg,1536,2048,5
train,495,IMG_7539.jpeg,1536,2048,3
train,496,IMG_7545.jpeg,1536,2048,1
train,497,IMG_7547.jpeg,1536,2048,8
train,498,IMG_7548.jpeg,1536,2048,4
train,499,IMG_7552.jpeg,1536,2048,8
train,500,IMG_7553.jpeg,1536,2048,3
train,501,IMG_7554.jpeg,1536,2048,1
train,502,IMG_7555.jpeg,1536,2048,3
train,503,IMG_7556.jpeg,1536,2048,4
train,504,IMG_7559.jpeg,1536,2048,2
train,505,IMG_7560.jpeg,1536,2048,7
train,506,IMG_7562.jpeg,1536,2048,1
train,507,IMG_7563.jpeg,1536,2048,1
train,508,IMG_7565.jpeg,1536,2048,6
train,509,IMG_7566.jpeg,1536,2048,2
train,510,IMG_7568.jpeg,1536,2048,1
train,511,IMG_7587.jpeg,1536,2048,1
train,512,IMG_7588.jpeg,1536,2048,14
train,513,IMG_7589.jpeg,1536,2048,6
train,514,IMG_7590.jpeg,1536,2048,1
train,515,IMG_7591.jpeg,1536,2048,13
train,516,IMG_7593.jpeg,1536,2048,10
train,517,IMG_7594.jpeg,1536,2048,1
train,518,IMG_7595.jpeg,1536,2048,3
train,519,IMG_7596.jpeg,1536,2048,2
train,520,IMG_7597.jpeg,1536,2048,4
train,521,IMG_7598.jpeg,1536,2048,2
train,522,IMG_7599.jpeg,1536,2048,1
train,523,IMG_7600.jpeg,1536,2048,1
train,524,IMG_7601.jpeg,1536,2048,1
train,525,IMG_7603.jpeg,1536,2048,1
train,526,IMG_7604.jpeg,1536,2048,1
train,527,IMG_7605.jpeg,1536,2048,1
train,528,IMG_7606.jpeg,1536,2048,1
train,529,IMG_7607.jpeg,1536,2048,1
train,530,IMG_7608.jpeg,1536,2048,1
train,531,IMG_7609.jpeg,1536,2048,1
train,532,IMG_7610.jpeg,1536,2048,1
train,533,IMG_7614.jpeg,1536,2048,1
train,534,IMG_7615.jpeg,1536,2048,1
train,535,IMG_7616.jpeg,1536,2048,1
train,536,IMG_7617.jpeg,1536,2048,1
train,537,IMG_7618.jpeg,1536,2048,1
train,538,IMG_7619.jpeg,1536,2048,1
train,539,IMG_7620.jpeg,1536,2048,1
train,540,IMG_7621.jpeg,1536,2048,1
train,541,IMG_7623.jpeg,1536,2048,1
train,542,IMG_7624.jpeg,1536,2048,1
train,543,IMG_7625.jpeg,1536,2048,1
train,544,IMG_7626.jpeg,1536,2048,1
train,545,IMG_7627.jpeg,1536,2048,1
train,546,IMG_7628.jpeg,1536,2048,1
train,547,IMG_7629.jpeg,1536,2048,1
train,548,IMG_7630.jpeg,1536,2048,1
train,549,IMG_7631.jpeg,1536,2048,1
train,550,IMG_7632.jpeg,1536,2048,1
train,551,IMG_7633.jpeg,1536,2048,1
train,552,IMG_7635.jpeg,1536,2048,1
train,553,IMG_7636.jpeg,1536,2048,1
train,554,IMG_7637.jpeg,1536,2048,1
train,555,IMG_7638.jpeg,1536,2048,1
train,556,IMG_7639.jpeg,1536,2048,1
train,557,IMG_7640.jpeg,1536,2048,1
train,558,IMG_7641.jpeg,1536,2048,1
train,559,IMG_7642.jpeg,1536,2048,1
train,560,IMG_7643.jpeg,1536,2048,1
train,561,IMG_7644.jpeg,1536,2048,1
train,562,IMG_7645.jpeg,1536,2048,1
train,563,IMG_7646.jpeg,1536,2048,1
train,564,IMG_7649.jpeg,1536,2048,1
train,565,IMG_7650.jpeg,1536,2048,1
train,566,IMG_7651.jpeg,1536,2048,1
train,567,IMG_7652.jpeg,1536,2048,1
train,568,IMG_7653.jpeg,1536,2048,1
train,569,IMG_7654.jpeg,1536,2048,1
train,570,IMG_7656.jpeg,1536,2048,1
train,571,IMG_7657.jpeg,1536,2048,1
train,572,IMG_7658.jpeg,1536,2048,1
train,573,IMG_7659.jpeg,1536,2048,1
train,574,IMG_7660.jpeg,1536,2048,1
train,575,IMG_7661.jpeg,1536,2048,1
train,576,IMG_7663.jpeg,1536,2048,1
train,577,IMG_7664.jpeg,1536,2048,1
train,578,IMG_7665.jpeg,1536,2048,1
train,579,IMG_7667.jpeg,1536,2048,1
train,580,IMG_7668.jpeg,1536,2048,1
train,581,IMG_7669.jpeg,1536,2048,1
train,582,IMG_7671.jpeg,1536,2048,1
train,583,IMG_7672.jpeg,1536,2048,1
train,584,IMG_7678.jpeg,1536,2048,1
train,585,IMG_7682.jpeg,1536,2048,1
train,586,IMG_7685.jpeg,1536,2048,1
train,587,IMG_7686.jpeg,1536,2048,1
train,588,IMG_7687.jpeg,1536,2048,1
train,589,IMG_7688.jpeg,1536,2048,1
train,590,IMG_7689.jpeg,1536,2048,1
train,591,IMG_7691.jpeg,1536,2048,1
train,592,IMG_7692.jpeg,1536,2048,1
train,593,IMG_7694.jpeg,1536,2048,1
train,594,IMG_7695.jpeg,1536,2048,1
train,595,IMG_7696.jpeg,1536,2048,1
train,596,IMG_7697.jpeg,1536,2048,1
train,597,IMG_7700.jpeg,1536,2048,1
train,598,IMG_7701.jpeg,1536,2048,1
train,599,IMG_7707.jpeg,1536,2048,1
train,600,IMG_7708.jpeg,1536,2048,1
train,601,IMG_7709.jpeg,1536,2048,1
train,602,IMG_7710.jpeg,1536,2048,1
train,603,IMG_7726.jpeg,1536,2048,1
train,604,IMG_7728.jpeg,1536,2048,1
train,605,IMG_7729.jpeg,1536,2048,1
train,606,IMG_7730.jpeg,1536,2048,1
train,607,IMG_7731.jpeg,1536,2048,1
train,608,IMG_7732.jpeg,1536,2048,1
train,609,IMG_7733.jpeg,1536,2048,1
train,610,IMG_7734.jpeg,1536,2048,1
train,611,IMG_7736.jpeg,1536,2048,1
train,612,IMG_7737.jpeg,1536,2048,2
train,613,IMG_7738.jpeg,1536,2048,1
train,614,IMG_7739.jpeg,1536,2048,1
train,615,IMG_7740.jpeg,1536,2048,1
train,616,IMG_7743.jpeg,1536,2048,1
train,617,IMG_7744.jpeg,1536,2048,1
train,618,IMG_7746.jpeg,1536,2048,1
train,619,IMG_7747.jpeg,1536,2048,1
train,620,IMG_7748.jpeg,1536,2048,1
train,621,IMG_7749.jpeg,1536,2048,1
train,622,IMG_7750.jpeg,1536,2048,1
train,623,IMG_7751.jpeg,1536,2048,1
train,624,IMG_7753.jpeg,1536,2048,1
train,625,IMG_7754.jpeg,1536,2048,1
train,626,IMG_7755.jpeg,1536,2048,1
train,627,IMG_7756.jpeg,1536,2048,1
train,628,IMG_7757.jpeg,1536,2048,1
train,629,IMG_7758.jpeg,1536,2048,1
train,630,IMG_7759.jpeg,1536,2048,1
train,631,IMG_7760.jpeg,1536,2048,1
train,632,IMG_7762.jpeg,1536,2048,1
train,633,IMG_7763.jpeg,1536,2048,1
train,634,IMG_7764.jpeg,1536,2048,1
train,635,IMG_7765.jpeg,1536,2048,1
train,636,IMG_7767.jpeg,1536,2048,1
train,637,IMG_7769.jpeg,1536,2048,1
train,638,IMG_7770.jpeg,1536,2048,1
train,639,IMG_7771.jpeg,1536,2048,1
train,640,IMG_7772.jpeg,1536,2048,1
train,641,IMG_7773.jpeg,1536,2048,1
train,642,IMG_7774.jpeg,1536,2048,2
train,643,IMG_7775.jpeg,1536,2048,1
train,644,IMG_7777.jpeg,1536,2048,4
train,645,IMG_7778.jpeg,1536,2048,1
train,646,IMG_7780.jpeg,1536,2048,3
train,647,IMG_7782.jpeg,1536,2048,1
train,648,IMG_7784.jpeg,1536,2048,4
train,649,IMG_7785.jpeg,1536,2048,1
train,650,IMG_7786.jpeg,1536,2048,1
train,651,IMG_7787.jpeg,1536,2048,1
train,652,IMG_7788.jpeg,1536,2048,1
train,653,IMG_7789.jpeg,1536,2048,1
train,654,IMG_7790.jpeg,1536,2048,1
train,655,IMG_7791.jpeg,1536,2048,1
train,656,IMG_7793.jpeg,1536,2048,1
train,657,IMG_7794.jpeg,1536,2048,1
train,658,IMG_7795.jpeg,1536,2048,1
train,659,IMG_7796.jpeg,1536,2048,1
train,660,IMG_7797.jpeg,1536,2048,1
train,661,IMG_7799.jpeg,1536,2048,1
train,662,IMG_7804.jpeg,1536,2048,1
train,663,IMG_7805.jpeg,1536,2048,1
train,664,IMG_7806.jpeg,1536,2048,1
train,665,IMG_7808.jpeg,1536,2048,1
train,666,IMG_7809.jpeg,1536,2048,1
train,667,IMG_7810.jpeg,1536,2048,1
train,668,IMG_7811.jpeg,1536,2048,1
train,669,IMG_7812.jpeg,1536,2048,1
train,670,IMG_7813.jpeg,1536,2048,1
train,671,IMG_7815.jpeg,1536,2048,1
train,672,IMG_7816.jpeg,1536,2048,1
train,673,IMG_7819.jpeg,1536,2048,1
train,674,IMG_7820.jpeg,1536,2048,1
train,675,IMG_7823.jpeg,1536,2048,1
train,676,IMG_7824.jpeg,1536,2048,1
train,677,IMG_7826.jpeg,1536,2048,1
train,678,IMG_7827.jpeg,1536,2048,1
train,679,IMG_7829.jpeg,1536,2048,1
train,680,IMG_7830.jpeg,1536,2048,1
train,681,IMG_7831.jpeg,1536,2048,1
train,682,IMG_7832.jpeg,1536,2048,1
train,683,IMG_7833.jpeg,1536,2048,1
train,684,IMG_7834.jpeg,1536,2048,1
train,685,IMG_7835.jpeg,1536,2048,1
train,686,IMG_7837.jpeg,1536,2048,1
train,687,IMG_7838.jpeg,1536,2048,1
train,688,IMG_7839.jpeg,1536,2048,1
train,689,IMG_7842.jpeg,1536,2048,1
train,690,IMG_7845.jpeg,1536,2048,1
train,691,IMG_7846.jpeg,1536,2048,1
train,692,IMG_7847.jpeg,1536,2048,1
train,693,IMG_7848.jpeg,1536,2048,1
train,694,IMG_7849.jpeg,1536,2048,1
train,695,IMG_7850.jpeg,1536,2048,1
train,696,IMG_7851.jpeg,1536,2048,1
train,697,IMG_7852.jpeg,1536,2048,1
train,698,IMG_7853.jpeg,1536,2048,1
train,699,IMG_7854.jpeg,1536,2048,1
train,700,IMG_7855.jpeg,1536,2048,1
train,701,IMG_7856.jpeg,1536,2048,1
train,702,IMG_7857.jpeg,1536,2048,5
train,703,IMG_7858.jpeg,1536,2048,2
train,704,IMG_7859.jpeg,1536,2048,1
train,705,IMG_7860.jpeg,1536,2048,1
train,706,IMG_7861.jpeg,1536,2048,1
train,707,IMG_7862.jpeg,1536,2048,1
train,708,IMG_7863.jpeg,1536,2048,1
train,709,IMG_7864.jpeg,1536,2048,1
train,710,IMG_7865.jpeg,1536,2048,1
train,711,IMG_7866.jpeg,1536,2048,1
train,712,IMG_7867.jpeg,1536,2048,1
train,713,IMG_7868.jpeg,1536,2048,1
train,714,IMG_7869.jpeg,1536,2048,1
train,715,IMG_7870.jpeg,1536,2048,1
train,716,IMG_7871.jpeg,1536,2048,1
train,717,IMG_7872.jpeg,1536,2048,1
train,718,IMG_7873.jpeg,1536,2048,1
train,719,IMG_7874.jpeg,1536,2048,1
train,720,IMG_7875.jpeg,1536,2048,1
train,721,IMG_7876.jpeg,1536,2048,1
train,722,IMG_7878.jpeg,1536,2048,1
train,723,IMG_7879.jpeg,1536,2048,1
train,724,IMG_7880.jpeg,1536,2048,1
train,725,IMG_7881.jpeg,1536,2048,1
train,726,IMG_7882.jpeg,1536,2048,1
train,727,IMG_7883.jpeg,1536,2048,1
train,728,IMG_7884.jpeg,1536,2048,1
train,729,IMG_7886.jpeg,1536,2048,1
train,730,IMG_7887.jpeg,1536,2048,6
train,731,IMG_7888.jpeg,1536,2048,3
train,732,IMG_7889.jpeg,1536,2048,1
train,733,IMG_7890.jpeg,1536,2048,1
train,734,IMG_7891.jpeg,1536,2048,1
train,735,IMG_7892.jpeg,1536,2048,1
train,736,IMG_7893.jpeg,1536,2048,1
train,737,IMG_7894.jpeg,1536,2048,1
train,738,IMG_7895.jpeg,1536,2048,1
train,739,IMG_7896.jpeg,1536,2048,1
train,740,IMG_7898.jpeg,1536,2048,1
train,741,IMG_7899.jpeg,1536,2048,1
train,742,IMG_7900.jpeg,1536,2048,1
train,743,IMG_7901.jpeg,1536,2048,1
train,744,IMG_7911.jpeg,1536,2048,1
train,745,IMG_7912.jpeg,1536,2048,1
train,746,IMG_7913.jpeg,1536,2048,1
train,747,IMG_7915.jpeg,1536,2048,1
train,748,IMG_7918.jpeg,1536,2048,1
train,749,IMG_7919.jpeg,1536,2048,1
train,750,IMG_7921.jpeg,1536,2048,1
train,751,IMG_7925.jpeg,1536,2048,1
train,752,IMG_7926.jpeg,1536,2048,1
train,753,IMG_7927.jpeg,1536,2048,1
train,754,IMG_7928.jpeg,1536,2048,1
train,755,IMG_7929.jpeg,1536,2048,1
train,756,IMG_7939.jpeg,1536,2048,1
train,757,IMG_7940.jpeg,1536,2048,1
train,758,IMG_7941.jpeg,1536,2048,1
train,759,IMG_7942.jpeg,1536,2048,1
train,760,IMG_7943.jpeg,1536,2048,1
train,761,IMG_7952.jpeg,1536,2048,1
train,762,IMG_7960.jpeg,1536,2048,1
train,763,IMG_7962.jpeg,1536,2048,1
train,764,IMG_7963.jpeg,1536,2048,1
train,765,IMG_7964.jpeg,1536,2048,1
train,766,IMG_7965.jpeg,1536,2048,1
train,767,IMG_7966.jpeg,1536,2048,1
train,768,IMG_7967.jpeg,1536,2048,1
train,769,IMG_7968.jpeg,1536,2048,1
train,770,IMG_7969.jpeg,1536,2048,6
train,771,IMG_7971.jpeg,1536,2048,1
train,772,IMG_7973.jpeg,1536,2048,3
train,773,IMG_7984.jpeg,1536,2048,1
train,774,IMG_7985.jpeg,1536,2048,1
train,775,IMG_7990.jpeg,1536,2048,4
train,776,IMG_7991.jpeg,1536,2048,1
train,777,IMG_7992.jpeg,1536,2048,5
train,778,IMG_8003.jpeg,1536,2048,1
train,779,IMG_8004.jpeg,1536,2048,1
train,780,IMG_8006.jpeg,1536,2048,1
train,781,IMG_8009.jpeg,1536,2048,1
train,782,IMG_8012.jpeg,1536,2048,1
train,783,IMG_8013.jpeg,1536,2048,1
train,784,IMG_8014.jpeg,1536,2048,2
train,785,IMG_8015.jpeg,1536,2048,3
train,786,IMG_8017.jpeg,1536,2048,9
train,787,IMG_8018.jpeg,1536,2048,1
train,788,IMG_8019.jpeg,1536,2048,8
train,789,IMG_8020.jpeg,1536,2048,10
train,790,IMG_8021.jpeg,1536,2048,1
train,791,IMG_8022.jpeg,1536,2048,1
train,792,IMG_8024.jpeg,1536,2048,1
train,793,IMG_8025.jpeg,1536,2048,1
train,794,IMG_8026.jpeg,1536,2048,5
train,795,IMG_8027.jpeg,1536,2048,11
train,796,IMG_8029.jpeg,1536,2048,6
train,797,IMG_8033.jpeg,1536,2048,1
train,798,IMG_8034.jpeg,1536,2048,1
train,799,IMG_8035.jpeg,1536,2048,1
train,800,IMG_8036.jpeg,1536,2048,1
train,801,IMG_8038.jpeg,1536,2048,1
train,802,IMG_8039.jpeg,1536,2048,1
train,803,IMG_8040.jpeg,1536,2048,1
train,804,IMG_8041.jpeg,1536,2048,1
train,805,IMG_8042.jpeg,1536,2048,1
train,806,IMG_8043.jpeg,1536,2048,1
train,807,IMG_8044.jpeg,1536,2048,1
train,808,IMG_8045.jpeg,1536,2048,1
train,809,IMG_8047.jpeg,1536,2048,1
train,810,IMG_8048.jpeg,1536,2048,1
train,811,IMG_8049.jpeg,1536,2048,1
train,812,IMG_8050.jpeg,1536,2048,1
train,813,IMG_8051.jpeg,1536,2048,2
train,814,IMG_8052.jpeg,1536,2048,2
train,815,IMG_8053.jpeg,1536,2048,1
train,816,IMG_8055.jpeg,1536,2048,1
train,817,IMG_8056.jpeg,1536,2048,5
train,818,IMG_8058.jpeg,1536,2048,5
train,819,IMG_8059.jpeg,1536,2048,5
train,820,IMG_8061.jpeg,1536,2048,1
train,821,IMG_8062.jpeg,1536,2048,1
train,822,IMG_8063.jpeg,1536,2048,1
train,823,IMG_8064.jpeg,1536,2048,1
train,824,IMG_8065.jpeg,1536,2048,1
train,825,IMG_8069.jpeg,1536,2048,2
train,826,IMG_8070.jpeg,1536,2048,1
train,827,IMG_8071.jpeg,1536,2048,2
train,828,IMG_8072.jpeg,1536,2048,2
train,829,IMG_8073.jpeg,1536,2048,1
train,830,IMG_8074.jpeg,1536,2048,2
train,831,IMG_8075.jpeg,1536,2048,1
train,832,IMG_8076.jpeg,1536,2048,2
train,833,IMG_8077.jpeg,1536,2048,1
train,834,IMG_8078.jpeg,1536,2048,1
train,835,IMG_8079.jpeg,1536,2048,1
train,836,IMG_8080.jpeg,1536,2048,1
train,837,IMG_8081.jpeg,1536,2048,1
train,838,IMG_8082.jpeg,1536,2048,1
train,839,IMG_8083.jpeg,1536,2048,1
train,840,IMG_8084.jpeg,1536,2048,1
train,841,IMG_8085.jpeg,1536,2048,1
train,842,IMG_8087.jpeg,1536,2048,1
train,843,IMG_8089.jpeg,1536,2048,1
train,844,IMG_8090.jpeg,1536,2048,1
train,845,IMG_8091.jpeg,1536,2048,1
train,846,IMG_8092.jpeg,1536,2048,12
train,847,IMG_8093.jpeg,1536,2048,12
train,848,IMG_8094.jpeg,1536,2048,6
train,849,IMG_8096.jpeg,1536,2048,6
train,850,IMG_8097.jpeg,1536,2048,4
train,851,IMG_8098.jpeg,1536,2048,1
train,852,IMG_8100.jpeg,1536,2048,1
train,853,IMG_8102.jpeg,1536,2048,1
train,854,IMG_8104.jpeg,1536,2048,1
train,855,IMG_8105.jpeg,1536,2048,1
train,856,IMG_8106.jpeg,1536,2048,1
train,857,IMG_8107.jpeg,1536,2048,4
train,858,IMG_8110.jpeg,2048,1536,1
train,859,IMG_8111.jpeg,2048,1536,1
train,860,IMG_8112.jpeg,2048,1536,1
train,861,IMG_8114.jpeg,2048,1536,1
train,862,IMG_8115.jpeg,2048,1536,1
train,863,IMG_8116.jpeg,2048,1536,1
train,864,IMG_8120.jpeg,2048,1536,1
train,865,IMG_8126.jpeg,2048,1536,1
train,866,IMG_8132.jpeg,1536,2048,4
train,867,IMG_8135.jpeg,1536,2048,1
train,868,IMG_8136.jpeg,1536,2048,1
train,869,IMG_8137.jpeg,1536,2048,1
train,870,IMG_8138.jpeg,1536,2048,1
train,871,IMG_8139.jpeg,1536,2048,1
train,872,IMG_8140.jpeg,1536,2048,1
train,873,IMG_8142.jpeg,1536,2048,1
train,874,IMG_8144.jpeg,1536,2048,1
train,875,IMG_8146.jpeg,1536,2048,8
train,876,IMG_8148.jpeg,1536,2048,1
train,877,IMG_8150.jpeg,1536,2048,3
train,878,IMG_8153.jpeg,1536,2048,3
train,879,IMG_8156.jpeg,1536,2048,1
train,880,IMG_8157.jpeg,1536,2048,1
train,881,IMG_8158.jpeg,1536,2048,1
train,882,IMG_8160.jpeg,1536,2048,1
train,883,IMG_8161.jpeg,1536,2048,1
train,884,IMG_8162.jpeg,1536,2048,1
train,885,IMG_8163.jpeg,1536,2048,1
train,886,IMG_8164.jpeg,1536,2048,1
train,887,IMG_8165.jpeg,1536,2048,1
train,888,IMG_8166.jpeg,1536,2048,1
train,889,IMG_8167.jpeg,1536,2048,1
train,890,IMG_8169.jpeg,1536,2048,1
train,891,IMG_8171.jpeg,1536,2048,1
train,892,IMG_8173.jpeg,1536,2048,1
train,893,IMG_8174.jpeg,1536,2048,1
train,894,IMG_8175.jpeg,1536,2048,1
train,895,IMG_8176.jpeg,1536,2048,1
train,896,IMG_8177.jpeg,1536,2048,1
train,897,IMG_8178.jpeg,1536,2048,1
train,898,IMG_8179.jpeg,1536,2048,1
train,899,IMG_8180.jpeg,1536,2048,1
train,900,IMG_8181.jpeg,1536,2048,1
train,901,IMG_8183.jpeg,1536,2048,1
train,902,IMG_8184.jpeg,1536,2048,1
train,903,IMG_8186.jpeg,1536,2048,1
train,904,IMG_8190.jpeg,1536,2048,1
train,905,IMG_8191.jpeg,1536,2048,1
train,906,IMG_8192.jpeg,1536,2048,1
train,907,IMG_8193.jpeg,1536,2048,1
train,908,IMG_8194.jpeg,1536,2048,1
train,909,IMG_8195.jpeg,1536,2048,1
train,910,IMG_8196.jpeg,1536,2048,1
train,911,IMG_8197.jpeg,1536,2048,1
train,912,IMG_8198.jpeg,1536,2048,1
train,913,IMG_8199.jpeg,1536,2048,1
train,914,IMG_8200.jpeg,1536,2048,1
train,915,IMG_8201.jpeg,1536,2048,1
train,916,IMG_8202.jpeg,1536,2048,1
train,917,IMG_8203.jpeg,1536,2048,1
train,918,IMG_8204.jpeg,1536,2048,1
train,919,IMG_8206.jpeg,1536,2048,1
train,920,IMG_8207.jpeg,1536,2048,1
train,921,IMG_8208.jpeg,1536,2048,1
train,922,IMG_8209.jpeg,1536,2048,2
train,923,IMG_8210.jpeg,1536,2048,2
train,924,IMG_8211.jpeg,1536,2048,2
train,925,IMG_8212.jpeg,1536,2048,2
train,926,IMG_8213.jpeg,1536,2048,2
train,927,IMG_8214.jpeg,1536,2048,2
train,928,IMG_8215.jpeg,1536,2048,2
train,929,IMG_8216.jpeg,1536,2048,1
train,930,IMG_8217.jpeg,1536,2048,2
train,931,IMG_8218.jpeg,1536,2048,2
train,932,IMG_8219.jpeg,1536,2048,1
train,933,IMG_8220.jpeg,1536,2048,1
train,934,IMG_8221.jpeg,1536,2048,1
train,935,IMG_8222.jpeg,1536,2048,1
train,936,IMG_8223.jpeg,1536,2048,1
train,937,IMG_8224.jpeg,1536,2048,1
train,938,IMG_8225.jpeg,1536,2048,1
train,939,IMG_8226.jpeg,1536,2048,1
train,940,IMG_8227.jpeg,1536,2048,1
train,941,IMG_8228.jpeg,1536,2048,1
train,942,IMG_8229.jpeg,1536,2048,2
train,943,IMG_8230.jpeg,1536,2048,2
train,944,IMG_8231.jpeg,1536,2048,1
train,945,IMG_8232.jpeg,1536,2048,1
train,946,IMG_8233.jpeg,1536,2048,1
train,947,IMG_8234.jpeg,1536,2048,1
train,948,IMG_8235.jpeg,1536,2048,1
train,949,IMG_8236.jpeg,1536,2048,1
train,950,IMG_8237.jpeg,1536,2048,1
train,951,IMG_8238.jpeg,1536,2048,1
train,952,IMG_8240.jpeg,1536,2048,1
train,953,IMG_8241.jpeg,1536,2048,1
train,954,IMG_8242.jpeg,1536,2048,1
train,955,IMG_8243.jpeg,1536,2048,1
train,956,IMG_8244.jpeg,1536,2048,1
train,957,IMG_8246.jpeg,1536,2048,1
train,958,IMG_8247.jpeg,1536,2048,1
train,959,IMG_8248.jpeg,1536,2048,2
train,960,IMG_8250.jpeg,1536,2048,2
train,961,IMG_8251.jpeg,1536,2048,2
train,962,IMG_8253.jpeg,1536,2048,2
train,963,IMG_8254.jpeg,1536,2048,1
train,964,IMG_8255.jpeg,1536,2048,1
train,965,IMG_8256.jpeg,1536,2048,2
train,966,IMG_8257.jpeg,1536,2048,1
train,967,IMG_8258.jpeg,1536,2048,2
train,968,IMG_8259.jpeg,1536,2048,2
train,969,IMG_8260.jpeg,1536,2048,3
train,970,IMG_8263.jpeg,1536,2048,3
train,971,IMG_8264.jpeg,1536,2048,1
train,972,IMG_8266.jpeg,1536,2048,1
train,973,IMG_8267.jpeg,1536,2048,3
train,974,IMG_8268.jpeg,1536,2048,1
train,975,IMG_8269.jpeg,1536,2048,1
train,976,IMG_8270.jpeg,1536,2048,1
train,977,IMG_8271.jpeg,1536,2048,1
train,978,IMG_8273.jpeg,1536,2048,1
train,979,IMG_8274.jpeg,1536,2048,1
train,980,IMG_8276.jpeg,1536,2048,1
train,981,IMG_8280.jpeg,1536,2048,1
train,982,IMG_8281.jpeg,1536,2048,1
train,983,IMG_8283.jpeg,1536,2048,1
train,984,IMG_8284.jpeg,1536,2048,2
train,985,IMG_8285.jpeg,1536,2048,2
train,986,IMG_8297.jpeg,1536,2048,2
train,987,IMG_8298.jpeg,1536,2048,2
train,988,IMG_8299.jpeg,1536,2048,2
train,989,IMG_8300.jpeg,1536,2048,1
train,990,IMG_8301.jpeg,1536,2048,1
train,991,IMG_8302.jpeg,1536,2048,1
train,992,IMG_8303.jpeg,1536,2048,2
train,993,IMG_8304.jpeg,1536,2048,2
train,994,IMG_8305.jpeg,1536,2048,2
train,995,IMG_8306.jpeg,1536,2048,2
train,996,IMG_8307.jpeg,1536,2048,1
train,997,IMG_8309.jpeg,1536,2048,1
train,998,IMG_8310.jpeg,1536,2048,1
train,999,IMG_8311.jpeg,1536,2048,1
train,1000,IMG_8312.jpeg,1536,2048,1
train,1001,IMG_8317.jpeg,2048,1536,1
train,1002,IMG_8319.jpeg,1536,2048,1
train,1003,IMG_8320.jpeg,1536,2048,1
train,1004,IMG_8321.jpeg,1536,2048,1
train,1005,IMG_8322.jpeg,1536,2048,1
train,1006,IMG_8323.jpeg,1536,2048,1
train,1007,IMG_8324.jpeg,1536,2048,1
train,1008,IMG_8325.jpeg,1536,2048,1
train,1009,IMG_8326.jpeg,1536,2048,1
train,1010,IMG_8328.jpeg,1536,2048,1
train,1011,IMG_8329.jpeg,1536,2048,1
train,1012,IMG_8330.jpeg,2048,1536,1
train,1013,IMG_8331.jpeg,2048,1536,1
train,1014,IMG_8332.jpeg,2048,1536,1
train,1015,IMG_8334.jpeg,2048,1536,1
train,1016,IMG_8335.jpeg,2048,1536,1
train,1017,IMG_8336.jpeg,2048,1536,1
train,1018,IMG_8337.jpeg,2048,1536,1
train,1019,IMG_8338.jpeg,2048,1536,1
train,1020,IMG_8340.jpeg,2048,1536,1
train,1021,IMG_8341.jpeg,2048,1536,1
train,1022,IMG_8342.jpeg,1536,2048,6
train,1023,IMG_8343.jpeg,1536,2048,1
train,1024,IMG_8344.jpeg,1536,2048,6
train,1025,IMG_8345.jpeg,1536,2048,1
train,1026,IMG_8347.jpeg,1536,2048,1
train,1027,IMG_8348.jpeg,1536,2048,1
train,1028,IMG_8349.jpeg,1536,2048,1
train,1029,IMG_8350.jpeg,1536,2048,1
train,1030,IMG_8352.jpeg,1536,2048,2
train,1031,IMG_8353.jpeg,1536,2048,1
train,1032,IMG_8361.jpeg,1536,2048,2
train,1033,IMG_8362.jpeg,1536,2048,2
train,1034,IMG_8365.jpeg,1536,2048,2
train,1035,IMG_8367.jpeg,1536,2048,1
train,1036,IMG_8368.jpeg,1536,2048,2
train,1037,IMG_8369.jpeg,1536,2048,1
train,1038,IMG_8372.jpeg,1536,2048,1
train,1039,IMG_8373.jpeg,1536,2048,6
train,1040,IMG_8375.jpeg,1536,2048,6
train,1041,IMG_8376.jpeg,1536,2048,2
train,1042,IMG_8377.jpeg,1536,2048,3
train,1043,IMG_8383.jpeg,1536,2048,4
train,1044,IMG_8389.jpeg,1536,2048,1
train,1045,IMG_8390.jpeg,1536,2048,1
train,1046,IMG_8393.jpeg,1536,2048,1
train,1047,IMG_8394.jpeg,1536,2048,1
train,1048,IMG_8395.jpeg,1536,2048,1
train,1049,IMG_8397.jpeg,1536,2048,1
train,1050,IMG_8398.jpeg,1536,2048,1
train,1051,IMG_8399.jpeg,1536,2048,1
train,1052,IMG_8400.jpeg,1536,2048,1
train,1053,IMG_8401.jpeg,1536,2048,1
train,1054,IMG_8411.jpeg,1536,2048,1
train,1055,IMG_8412.jpeg,1536,2048,1
train,1056,IMG_8413.jpeg,1536,2048,1
train,1057,IMG_8416.jpeg,1536,2048,2
train,1058,IMG_8417.jpeg,1536,2048,2
train,1059,IMG_8429.jpeg,1536,2048,2
train,1060,IMG_8431.jpeg,1536,2048,1
train,1061,IMG_8432.jpeg,1536,2048,2
train,1062,IMG_8436.jpeg,1536,2048,2
train,1063,IMG_8438.jpeg,1536,2048,2
train,1064,IMG_8439.jpeg,1536,2048,2
train,1065,IMG_8440.jpeg,1536,2048,1
train,1066,IMG_8441.jpeg,1536,2048,2
train,1067,IMG_8442.jpeg,1536,2048,2
train,1068,IMG_8443.jpeg,1536,2048,3
train,1069,IMG_8445.jpeg,1536,2048,2
train,1070,IMG_8446.jpeg,1536,2048,2
train,1071,IMG_8447.jpeg,1536,2048,2
train,1072,IMG_8448.jpeg,1536,2048,2
train,1073,IMG_8450.jpeg,1536,2048,2
train,1074,IMG_8478.jpeg,1536,2048,9
train,1075,IMG_8479.jpeg,1536,2048,6
train,1076,IMG_8480.jpeg,1536,2048,1
train,1077,IMG_8481.jpeg,1536,2048,2
train,1078,IMG_8482.jpeg,1536,2048,2
train,1079,IMG_8483.jpeg,1536,2048,1
train,1080,IMG_8484.jpeg,1536,2048,6
train,1081,IMG_8487.jpeg,1536,2048,1
train,1082,IMG_8488.jpeg,1536,2048,2
train,1083,IMG_8490.jpeg,1536,2048,1
train,1084,IMG_8491.jpeg,1536,2048,1
train,1085,IMG_8493.jpeg,1536,2048,2
train,1086,IMG_8495.jpeg,1536,2048,3
train,1087,IMG_8496.jpeg,1536,2048,4
train,1088,IMG_8502.jpeg,1536,2048,9
train,1089,IMG_8503.jpeg,1536,2048,1
train,1090,IMG_8504.jpeg,1536,2048,1
train,1091,IMG_8505.jpeg,1536,2048,4
train,1092,IMG_8510.jpeg,1536,2048,1
train,1093,IMG_8512.jpeg,1536,2048,8
train,1094,IMG_8513.jpeg,1536,2048,6
train,1095,IMG_8514.jpeg,1536,2048,9
train,1096,IMG_8515.jpeg,1536,2048,9
train,1097,IMG_8592.jpeg,1536,2048,4
train,1098,IMG_8593.jpeg,1536,2048,1
train,1099,IMG_8594.jpeg,1536,2048,1
train,1100,IMG_8595.jpeg,1536,2048,3
train,1101,IMG_8596.jpeg,1536,2048,1
train,1102,IMG_8597.jpeg,1536,2048,1
train,1103,IMG_8600.jpeg,1536,2048,2
train,1104,IMG_8601.jpeg,1536,2048,2
train,1105,IMG_8602.jpeg,1536,2048,4
train,1106,IMG_8603.jpeg,1536,2048,5
train,1107,IMG_8604.jpeg,1536,2048,5
train,1108,IMG_8605.jpeg,1536,2048,1
train,1109,IMG_8606.jpeg,1536,2048,2
train,1110,IMG_8607.jpeg,1536,2048,1
train,1111,IMG_8608.jpeg,1536,2048,2
train,1112,IMG_8609.jpeg,1536,2048,2
train,1113,IMG_8610.jpeg,1536,2048,2
train,1114,IMG_8611.jpeg,1536,2048,1
train,1115,IMG_8612.jpeg,1536,2048,1
train,1116,IMG_8613.jpeg,1536,2048,1
train,1117,IMG_8614.jpeg,1536,2048,1
train,1118,IMG_8615.jpeg,1536,2048,1
train,1119,IMG_8616.jpeg,1536,2048,1
train,1120,IMG_8617.jpeg,1536,2048,1
train,1121,IMG_8618.jpeg,1536,2048,1
train,1122,IMG_8619.jpeg,1536,2048,1
train,1123,IMG_8620.jpeg,1536,2048,1
train,1124,IMG_8621.jpeg,1536,2048,1
train,1125,IMG_8624.jpeg,1536,2048,1
train,1126,IMG_8625.jpeg,1536,2048,1
train,1127,IMG_8626.jpeg,1536,2048,1
train,1128,IMG_8629.jpeg,1536,2048,2
train,1129,IMG_8630.jpeg,1536,2048,2
train,1130,IMG_8631.jpeg,1536,2048,2
train,1131,IMG_8634.jpeg,1536,2048,2
train,1132,IMG_8639.jpeg,1536,2048,2
train,1133,IMG_8653.jpeg,1536,2048,2
train,1134,IMG_8658.jpeg,1536,2048,3
train,1135,IMG_8659.jpeg,1536,2048,3
train,1136,IMG_8661.jpeg,1536,2048,3
train,1137,IMG_8662.jpeg,1536,2048,2
train,1138,IMG_8663.jpeg,1536,2048,2
train,1139,IMG_8664.jpeg,1536,2048,3
train,1140,IMG_8665.jpeg,1536,2048,2
train,1141,IMG_8668.jpeg,1536,2048,2
train,1142,IMG_8669.jpeg,1536,2048,1
train,1143,IMG_8672.jpeg,1536,2048,1
train,1144,IMG_8673.jpeg,1536,2048,3
train,1145,IMG_8674.jpeg,1536,2048,3
train,1146,IMG_8676.jpeg,1536,2048,1
train,1147,IMG_8677.jpeg,1536,2048,1
train,1148,IMG_8678.jpeg,1536,2048,1
train,1149,IMG_8679.jpeg,1536,2048,1
train,1150,IMG_8680.jpeg,1536,2048,1
train,1151,IMG_8684.jpeg,1536,2048,1
train,1152,IMG_8957.jpeg,2048,1536,8
train,1153,IMG_8958.jpeg,2048,1536,9
train,1154,IMG_8959.jpeg,2048,1536,5
train,1155,IMG_8960.jpeg,2048,1536,5
train,1156,IMG_8961.jpeg,2048,1536,9
train,1157,IMG_8962.jpeg,2048,1536,9
train,1158,IMG_8964.jpeg,2048,1536,7
train,1159,IMG_8965.jpeg,2048,1536,7
train,1160,IMG_8966.jpeg,2048,1536,8
train,1161,IMG_8967.jpeg,2048,1536,8
train,1162,IMG_8968.jpeg,2048,1536,8
train,1163,IMG_8980.jpeg,2048,1536,19
train,1164,IMG_8981.jpeg,2048,1536,15
train,1165,IMG_8982.jpeg,2048,1536,1
train,1166,IMG_8983.jpeg,2048,1536,1
train,1167,IMG_8984.jpeg,2048,1536,1
train,1168,IMG_8986.jpeg,2048,1536,1
train,1169,IMG_8987.jpeg,2048,1536,1
train,1170,IMG_8988.jpeg,2048,1536,1
train,1171,IMG_8989.jpeg,2048,1536,1
train,1172,IMG_8990.jpeg,2048,1536,4
train,1173,IMG_8992.jpeg,2048,1536,4
train,1174,IMG_8993.jpeg,2048,1536,10
train,1175,IMG_8994.jpeg,2048,1536,8
train,1176,IMG_8995.jpeg,2048,1536,16
train,1177,IMG_8996.jpeg,2048,1536,6
train,1178,IMG_8997.jpeg,2048,1536,6
train,1179,IMG_8998.jpeg,2048,1536,11
train,1180,IMG_8999.jpeg,2048,1536,13
train,1181,IMG_9001.jpeg,2048,1536,1
train,1182,IMG_9002.jpeg,2048,1536,11
train,1183,IMG_9003.jpeg,2048,1536,10
train,1184,IMG_9004.jpeg,2048,1536,5
train,1185,IMG_9005.jpeg,2048,1536,12
train,1186,IMG_9008.jpeg,2048,1536,4
train,1187,IMG_9009.jpeg,2048,1536,3
train,1188,IMG_9010.jpeg,2048,1536,4
train,1189,IMG_9011.jpeg,2048,1536,3
train,1190,IMG_9012.jpeg,2048,1536,5
train,1191,IMG_9013.jpeg,2048,1536,4
train,1192,IMG_9014.jpeg,2048,1536,3
train,1193,IMG_9015.jpeg,2048,1536,9
train,1194,IMG_9024.jpeg,2048,1536,9
train,1195,IMG_9025.jpeg,2048,1536,1
train,1196,IMG_9026.jpeg,2048,1536,2
train,1197,IMG_9027.jpeg,2048,1536,1
train,1198,IMG_9028.jpeg,2048,1536,1
train,1199,IMG_9029.jpeg,2048,1536,1
train,1200,IMG_9030.jpeg,2048,1536,1
train,1201,IMG_9031.jpeg,2048,1536,1
train,1202,IMG_9032.jpeg,2048,1536,1
train,1203,IMG_9033.jpeg,2048,1536,2
train,1204,IMG_9034.jpeg,2048,1536,1
train,1205,IMG_9035.jpeg,2048,1536,1
train,1206,IMG_9036.jpeg,2048,1536,1
train,1207,IMG_9038.jpeg,2048,1536,4
train,1208,IMG_9039.jpeg,2048,1536,1
train,1209,IMG_9040.jpeg,2048,1536,1
train,1210,IMG_9041.jpeg,2048,1536,1
train,1211,IMG_9042.jpeg,2048,1536,1
train,1212,IMG_9043.jpeg,2048,1536,4
train,1213,IMG_9044.jpeg,2048,1536,7
train,1214,IMG_9045.jpeg,2048,1536,5
train,1215,IMG_9046.jpeg,2048,1536,1
train,1216,IMG_9047.jpeg,2048,1536,7
train,1217,IMG_9048.jpeg,2048,1536,6
train,1218,IMG_9049.jpeg,2048,1536,6
train,1219,IMG_9051.jpeg,2048,1536,3
train,1220,IMG_9053.jpeg,2048,1536,20
train,1221,IMG_9055.jpeg,2048,1536,3
train,1222,IMG_9056.jpeg,2048,1536,4
train,1223,IMG_9058.jpeg,2048,1536,1
train,1224,IMG_9059.jpeg,2048,1536,1
train,1225,IMG_9060.jpeg,2048,1536,10
train,1226,IMG_9061.jpeg,2048,1536,3
train,1227,IMG_9062.jpeg,2048,1536,1
train,1228,IMG_9063.jpeg,2048,1536,1
train,1229,IMG_9064.jpeg,2048,1536,4
train,1230,IMG_9066.jpeg,2048,1536,1
train,1231,IMG_9069.jpeg,2048,1536,2
train,1232,IMG_9070.jpeg,2048,1536,2
train,1233,IMG_9071.jpeg,2048,1536,1
train,1234,IMG_9072.jpeg,2048,1536,2
train,1235,IMG_9076.jpeg,2048,1536,1
train,1236,IMG_9078.jpeg,2048,1536,1
train,1237,IMG_9079.jpeg,2048,1536,1
train,1238,IMG_9081.jpeg,2048,1536,2
train,1239,IMG_9082.jpeg,2048,1536,1
train,1240,IMG_9083.jpeg,2048,1536,2
train,1241,IMG_9085.jpeg,2048,1536,1
train,1242,IMG_9089.jpeg,2048,1536,2
train,1243,IMG_9090.jpeg,2048,1536,2
train,1244,IMG_9091.jpeg,2048,1536,2
train,1245,IMG_9092.jpeg,2048,1536,1
train,1246,IMG_9093.jpeg,2048,1536,1
train,1247,IMG_9095.jpeg,2048,1536,12
train,1248,IMG_9098.jpeg,2048,1536,13
train,1249,IMG_9100.jpeg,2048,1536,9
train,1250,IMG_9101.jpeg,2048,1536,2
train,1251,IMG_9102.jpeg,2048,1536,1
train,1252,IMG_9105.jpeg,2048,1536,5
train,1253,IMG_9109.jpeg,2048,1536,5
train,1254,IMG_9111.jpeg,2048,1536,1
train,1255,IMG_9112.jpeg,2048,1536,1
train,1256,IMG_9113.jpeg,2048,1536,1
train,1257,IMG_9114.jpeg,2048,1536,5
train,1258,IMG_9119.jpeg,2048,1536,3
train,1259,IMG_9120.jpeg,2048,1536,1
train,1260,IMG_9121.jpeg,2048,1536,1
train,1261,IMG_9131.jpeg,2048,1536,1
train,1262,IMG_9132.jpeg,2048,1536,1
train,1263,IMG_9133.jpeg,2048,1536,1
train,1264,IMG_9136.jpeg,2048,1536,2
train,1265,IMG_9137.jpeg,2048,1536,2
train,1266,IMG_9139.jpeg,2048,1536,2
train,1267,IMG_9143.jpeg,2048,1536,3
train,1268,IMG_9144.jpeg,2048,1536,7
val,1,11.png,982,752,5
val,2,19.png,1071,832,2
val,3,20.png,1405,833,4
val,4,3.png,1338,858,5
val,5,30.png,1217,763,2
val,6,frame_0008_5.726.jpg,1600,1200,1
val,7,frame_0015_7.800.jpg,1600,1200,1
val,8,frame_0028_10.746.jpg,1600,1200,1
val,9,frame_0038_12.777.jpg,1600,1200,2
val,10,frame_0042_14.041.jpg,1600,1200,2
val,11,frame_0046_16.012.jpg,1600,1200,1
val,12,frame_0047_16.544.jpg,1600,1200,6
val,13,frame_0054_18.486.jpg,1600,1200,1
val,14,frame_0057_19.169.jpg,1600,1200,1
val,15,frame_0058_19.439.jpg,1600,1200,4
val,16,frame_0064_20.349.jpg,1600,1200,2
val,17,frame_0076_22.530.jpg,1600,1200,1
val,18,frame_0079_23.215.jpg,1600,1200,2
val,19,frame_0085_25.152.jpg,1600,1200,2
val,20,frame_0099_27.035.jpg,1600,1200,1
val,21,frame_0100_27.152.jpg,1600,1200,2
val,22,frame_0124_30.952.jpg,1600,1200,1
val,23,frame_0126_32.391.jpg,1600,1200,1
val,24,frame_0133_33.159.jpg,1600,1200,1
val,25,frame_0138_34.122.jpg,1600,1200,1
val,26,frame_0171_40.627.jpg,1600,1200,1
val,27,frame_0178_42.036.jpg,1600,1200,1
val,28,frame_0180_42.877.jpg,1600,1200,3
val,29,frame_0194_45.826.jpg,1600,1200,1
val,30,frame_0198_46.458.jpg,1600,1200,1
val,31,frame_0205_47.981.jpg,1600,1200,2
val,32,frame_0206_48.089.jpg,1600,1200,1
val,33,frame_0213_49.782.jpg,1600,1200,3
val,34,frame_0222_51.115.jpg,1600,1200,1
val,35,frame_0228_52.336.jpg,1600,1200,1
val,36,frame_0252_57.562.jpg,1600,1200,2
val,37,frame_0263_61.623.jpg,1600,1200,8
val,38,frame_0268_62.159.jpg,1600,1200,1
val,39,frame_0299_69.814.jpg,1600,1200,2
val,40,frame_0300_69.965.jpg,1600,1200,4
val,41,frame_0308_71.311.jpg,1600,1200,1
val,42,frame_0309_71.475.jpg,1600,1200,1
val,43,frame_0310_71.592.jpg,1600,1200,1
val,44,frame_0314_71.882.jpg,1600,1200,1
val,45,frame_0316_72.039.jpg,1600,1200,1
val,46,frame_0325_75.144.jpg,1600,1200,1
val,47,frame_0327_75.233.jpg,1600,1200,2
val,48,frame_0332_76.681.jpg,1600,1200,1
val,49,frame_0333_76.783.jpg,1600,1200,1
val,50,frame_0336_78.025.jpg,1600,1200,1
val,51,frame_0341_79.517.jpg,1600,1200,2
val,52,frame_0347_81.094.jpg,1600,1200,2
val,53,frame_0348_81.161.jpg,1600,1200,1
val,54,frame_0353_82.273.jpg,1600,1200,1
val,55,frame_0361_83.526.jpg,1600,1200,1
val,56,frame_0369_85.003.jpg,1600,1200,1
val,57,frame_0375_85.961.jpg,1600,1200,2
val,58,frame_0378_86.678.jpg,1600,1200,1
val,59,frame_0380_88.003.jpg,1600,1200,1
val,60,frame_0381_88.446.jpg,1600,1200,1
val,61,frame_0387_88.989.jpg,1600,1200,3
val,62,frame_0484_113.142.jpg,1600,1200,1
val,63,frame_0486_113.668.jpg,1600,1200,1
val,64,frame_0491_114.152.jpg,1600,1200,1
val,65,frame_0508_118.164.jpg,1600,1200,1
val,66,frame_0512_119.089.jpg,1600,1200,1
val,67,frame_0518_121.230.jpg,1600,1200,1
val,68,frame_0535_125.687.jpg,1600,1200,1
val,69,frame_0538_126.220.jpg,1600,1200,1
val,70,frame_0539_126.383.jpg,1600,1200,1
val,71,frame_0597_140.647.jpg,1600,1200,1
val,72,frame_0598_140.901.jpg,1600,1200,1
val,73,frame_0599_141.088.jpg,1600,1200,1
val,74,frame_0601_141.305.jpg,1600,1200,2
val,75,frame_0697_166.500.jpg,1600,1200,3
val,76,frame_0710_171.128.jpg,1600,1200,1
val,77,frame_0712_171.377.jpg,1600,1200,1
val,78,frame_0728_175.946.jpg,1600,1200,1
val,79,frame_0736_177.072.jpg,1600,1200,1
val,80,frame_0746_179.643.jpg,1600,1200,4
val,81,frame_0751_181.117.jpg,1600,1200,2
val,82,frame_0753_181.585.jpg,1600,1200,1
val,83,frame_0755_181.738.jpg,1600,1200,3
val,84,frame_0767_184.925.jpg,1600,1200,3
val,85,frame_0779_186.228.jpg,1600,1200,3
val,86,frame_0783_187.302.jpg,1600,1200,1
val,87,frame_0815_226.012.jpg,1600,1200,3
val,88,frame_0835_231.605.jpg,1600,1200,4
val,89,frame_0851_235.707.jpg,1600,1200,6
val,90,frame_0910_219.886.jpg,1600,1200,3
val,91,frame_0989_237.966.jpg,1600,1200,2
val,92,IMG_037380.jpg,5712,4284,1
val,93,IMG_037386.jpg,5712,4284,1
val,94,IMG_037388.jpg,5712,4284,1
val,95,IMG_038416.jpg,5712,4284,3
val,96,IMG_038418.jpg,5712,4284,3
val,97,IMG_7437.jpeg,1536,2048,2
val,98,IMG_7439.jpeg,1536,2048,2
val,99,IMG_7475.jpeg,1536,2048,2
val,100,IMG_7479.jpeg,2048,1536,1
val,101,IMG_7490.jpeg,2048,1536,1
val,102,IMG_7498.jpeg,1536,2048,1
val,103,IMG_7529.jpeg,1536,2048,2
val,104,IMG_7558.jpeg,1536,2048,7
val,105,IMG_7561.jpeg,1536,2048,4
val,106,IMG_7592.jpeg,1536,2048,1
val,107,IMG_7602.jpeg,1536,2048,1
val,108,IMG_7611.jpeg,1536,2048,1
val,109,IMG_7612.jpeg,1536,2048,1
val,110,IMG_7613.jpeg,1536,2048,1
val,111,IMG_7622.jpeg,1536,2048,1
val,112,IMG_7634.jpeg,1536,2048,1
val,113,IMG_7647.jpeg,1536,2048,1
val,114,IMG_7648.jpeg,1536,2048,1
val,115,IMG_7666.jpeg,1536,2048,1
val,116,IMG_7670.jpeg,1536,2048,1
val,117,IMG_7674.jpeg,1536,2048,1
val,118,IMG_7683.jpeg,1536,2048,1
val,119,IMG_7693.jpeg,1536,2048,1
val,120,IMG_7699.jpeg,1536,2048,1
val,121,IMG_7702.jpeg,1536,2048,1
val,122,IMG_7703.jpeg,1536,2048,1
val,123,IMG_7725.jpeg,1536,2048,1
val,124,IMG_7741.jpeg,1536,2048,1
val,125,IMG_7742.jpeg,1536,2048,1
val,126,IMG_7761.jpeg,1536,2048,1
val,127,IMG_7792.jpeg,1536,2048,1
val,128,IMG_7802.jpeg,1536,2048,1
val,129,IMG_7803.jpeg,1536,2048,1
val,130,IMG_7818.jpeg,1536,2048,1
val,131,IMG_7821.jpeg,1536,2048,1
val,132,IMG_7825.jpeg,1536,2048,1
val,133,IMG_7840.jpeg,1536,2048,1
val,134,IMG_7841.jpeg,1536,2048,1
val,135,IMG_7843.jpeg,1536,2048,1
val,136,IMG_7844.jpeg,1536,2048,1
val,137,IMG_7877.jpeg,1536,2048,1
val,138,IMG_7885.jpeg,1536,2048,1
val,139,IMG_7897.jpeg,1536,2048,1
val,140,IMG_7914.jpeg,1536,2048,1
val,141,IMG_7917.jpeg,1536,2048,1
val,142,IMG_7920.jpeg,1536,2048,1
val,143,IMG_7937.jpeg,1536,2048,1
val,144,IMG_7944.jpeg,1536,2048,1
val,145,IMG_7975.jpeg,1536,2048,1
val,146,IMG_7976.jpeg,1536,2048,1
val,147,IMG_7977.jpeg,1536,2048,1
val,148,IMG_7989.jpeg,1536,2048,5
val,149,IMG_8016.jpeg,1536,2048,8
val,150,IMG_8023.jpeg,1536,2048,1
val,151,IMG_8028.jpeg,1536,2048,12
val,152,IMG_8030.jpeg,1536,2048,13
val,153,IMG_8032.jpeg,1536,2048,1
val,154,IMG_8037.jpeg,1536,2048,1
val,155,IMG_8046.jpeg,1536,2048,1
val,156,IMG_8054.jpeg,1536,2048,1
val,157,IMG_8057.jpeg,1536,2048,5
val,158,IMG_8066.jpeg,1536,2048,1
val,159,IMG_8067.jpeg,1536,2048,2
val,160,IMG_8068.jpeg,1536,2048,2
val,161,IMG_8086.jpeg,1536,2048,2
val,162,IMG_8095.jpeg,1536,2048,1
val,163,IMG_8101.jpeg,1536,2048,1
val,164,IMG_8103.jpeg,1536,2048,1
val,165,IMG_8108.jpeg,2048,1536,1
val,166,IMG_8109.jpeg,2048,1536,1
val,167,IMG_8113.jpeg,2048,1536,1
val,168,IMG_8122.jpeg,2048,1536,1
val,169,IMG_8134.jpeg,1536,2048,3
val,170,IMG_8141.jpeg,1536,2048,1
val,171,IMG_8145.jpeg,1536,2048,1
val,172,IMG_8152.jpeg,1536,2048,5
val,173,IMG_8154.jpeg,1536,2048,1
val,174,IMG_8155.jpeg,1536,2048,1
val,175,IMG_8168.jpeg,1536,2048,1
val,176,IMG_8170.jpeg,1536,2048,1
val,177,IMG_8172.jpeg,1536,2048,1
val,178,IMG_8182.jpeg,1536,2048,1
val,179,IMG_8205.jpeg,1536,2048,1
val,180,IMG_8239.jpeg,1536,2048,1
val,181,IMG_8245.jpeg,1536,2048,1
val,182,IMG_8249.jpeg,1536,2048,2
val,183,IMG_8252.jpeg,1536,2048,2
val,184,IMG_8262.jpeg,1536,2048,3
val,185,IMG_8278.jpeg,1536,2048,1
val,186,IMG_8308.jpeg,1536,2048,1
val,187,IMG_8327.jpeg,1536,2048,1
val,188,IMG_8339.jpeg,2048,1536,1
val,189,IMG_8346.jpeg,1536,2048,9
val,190,IMG_8351.jpeg,1536,2048,4
val,191,IMG_8387.jpeg,1536,2048,7
val,192,IMG_8402.jpeg,1536,2048,1
val,193,IMG_8410.jpeg,1536,2048,1
val,194,IMG_8415.jpeg,1536,2048,1
val,195,IMG_8433.jpeg,1536,2048,2
val,196,IMG_8435.jpeg,1536,2048,2
val,197,IMG_8437.jpeg,1536,2048,3
val,198,IMG_8444.jpeg,1536,2048,3
val,199,IMG_8449.jpeg,1536,2048,2
val,200,IMG_8485.jpeg,1536,2048,2
val,201,IMG_8486.jpeg,1536,2048,3
val,202,IMG_8509.jpeg,1536,2048,6
val,203,IMG_8511.jpeg,1536,2048,8
val,204,IMG_8591.jpeg,1536,2048,3
val,205,IMG_8598.jpeg,1536,2048,2
val,206,IMG_8599.jpeg,1536,2048,1
val,207,IMG_8622.jpeg,1536,2048,1
val,208,IMG_8623.jpeg,1536,2048,1
val,209,IMG_8628.jpeg,1536,2048,2
val,210,IMG_8655.jpeg,1536,2048,2
val,211,IMG_8656.jpeg,1536,2048,2
val,212,IMG_8660.jpeg,1536,2048,8
val,213,IMG_8666.jpeg,1536,2048,3
val,214,IMG_8681.jpeg,1536,2048,1
val,215,IMG_8956.jpeg,2048,1536,9
val,216,IMG_8963.jpeg,2048,1536,7
val,217,IMG_8985.jpeg,2048,1536,1
val,218,IMG_9006.jpeg,2048,1536,8
val,219,IMG_9050.jpeg,2048,1536,7
val,220,IMG_9054.jpeg,2048,1536,20
val,221,IMG_9065.jpeg,2048,1536,6
val,222,IMG_9067.jpeg,2048,1536,2
val,223,IMG_9068.jpeg,2048,1536,2
val,224,IMG_9073.jpeg,2048,1536,2
val,225,IMG_9080.jpeg,2048,1536,1
val,226,IMG_9084.jpeg,2048,1536,2
val,227,IMG_9087.jpeg,2048,1536,1
val,228,IMG_9096.jpeg,2048,1536,11
val,229,IMG_9099.jpeg,2048,1536,13
val,230,IMG_9110.jpeg,2048,1536,8
val,231,IMG_9138.jpeg,2048,1536,2
val,232,IMG_9145.jpeg,2048,1536,8
